depot_name,date,problem_type,setting,subsetting,service_level,solver_status,solve_time,num_buses,num_potential_buses,num_demands,total_operational_duration,total_waiting_time,avg_capacity_utilization,optimality_gap,filter_demand,optimizer_constructor
VLP Boizenburg,2024-08-22,Maximize_Demand_Coverage,CAPACITY_CONSTRAINT_DRIVER_BREAKS,ONLY_DEMAND,0.05,Optimal,1.1326830387115479,1,153,96,498.9755072850121,208.54601442112187,1.4090909090909092,0.0,false,Gurobi.Optimizer
VLP Boizenburg,2024-08-22,Maximize_Demand_Coverage,CAPACITY_CONSTRAINT_DRIVER_BREAKS,ONLY_DEMAND,0.1,Optimal,0.4929628372192383,1,153,96,451.3906623204474,147.65664345957532,2.416901408450704,0.0,false,Gurobi.Optimizer
VLP Boizenburg,2024-08-22,Maximize_Demand_Coverage,CAPACITY_CONSTRAINT_DRIVER_BREAKS,ONLY_DEMAND,0.15,Optimal,0.5154721736907959,1,153,96,451.3906623204474,145.16139037508879,2.4124293785310735,0.0,false,Gurobi.Optimizer
VLP Boizenburg,2024-08-22,Maximize_Demand_Coverage,CAPACITY_CONSTRAINT_DRIVER_BREAKS,ONLY_DEMAND,0.2,Optimal,1.108915090560913,2,153,96,611.0126317315815,253.80392473208354,2.588315217391304,0.0,false,Gurobi.Optimizer
VLP Boizenburg,2024-08-22,Maximize_Demand_Coverage,CAPACITY_CONSTRAINT_DRIVER_BREAKS,ONLY_DEMAND,0.25,Optimal,0.7745819091796875,2,153,96,677.0762271098667,281.1687029257038,2.435593693172425,0.0,false,Gurobi.Optimizer
VLP Boizenburg,2024-08-22,Maximize_Demand_Coverage,CAPACITY_CONSTRAINT_DRIVER_BREAKS,ONLY_DEMAND,0.3,Optimal,0.7687849998474121,2,153,96,952.0824846437175,428.65624209248006,2.4528627464184103,0.0,false,Gurobi.Optimizer
VLP Boizenburg,2024-08-22,Maximize_Demand_Coverage,CAPACITY_CONSTRAINT_DRIVER_BREAKS,ONLY_DEMAND,0.35,Optimal,0.8905231952667236,2,153,96,952.0824846437175,357.6432575822001,2.45808803694124,0.0,false,Gurobi.Optimizer
VLP Boizenburg,2024-08-22,Maximize_Demand_Coverage,CAPACITY_CONSTRAINT_DRIVER_BREAKS,ONLY_DEMAND,0.4,Optimal,1.0642189979553223,3,153,96,1395.9944116454678,581.0773430224078,2.348053785227575,0.0,false,Gurobi.Optimizer
VLP Boizenburg,2024-08-22,Maximize_Demand_Coverage,CAPACITY_CONSTRAINT_DRIVER_BREAKS,ONLY_DEMAND,0.45,Optimal,1.0541510581970215,3,153,96,1466.907996968282,553.2464815425689,2.0780772885067362,0.0,false,Gurobi.Optimizer
VLP Boizenburg,2024-08-22,Maximize_Demand_Coverage,CAPACITY_CONSTRAINT_DRIVER_BREAKS,ONLY_DEMAND,0.5,Optimal,1.2346529960632324,4,153,96,1860.2263973451168,745.522584492855,1.8538294140728904,0.0,false,Gurobi.Optimizer
VLP Boizenburg,2024-08-22,Maximize_Demand_Coverage,CAPACITY_CONSTRAINT_DRIVER_BREAKS,ONLY_DEMAND,0.55,Optimal,1.2038500308990479,4,153,96,1933.8338414532282,734.7111068120929,1.9784605505981316,0.0,false,Gurobi.Optimizer
VLP Boizenburg,2024-08-22,Maximize_Demand_Coverage,CAPACITY_CONSTRAINT_DRIVER_BREAKS,ONLY_DEMAND,0.6,Optimal,1.3249380588531494,5,153,96,2441.6072184033455,922.2218610590526,1.9774277915062293,0.0,false,Gurobi.Optimizer
VLP Boizenburg,2024-08-22,Maximize_Demand_Coverage,CAPACITY_CONSTRAINT_DRIVER_BREAKS,ONLY_DEMAND,0.65,Optimal,1.2601008415222168,5,153,96,2348.6557575706615,900.5458774128067,1.8537614810391687,0.0,false,Gurobi.Optimizer
VLP Boizenburg,2024-08-22,Maximize_Demand_Coverage,CAPACITY_CONSTRAINT_DRIVER_BREAKS,ONLY_DEMAND,0.7,Optimal,1.4932639598846436,6,153,96,2801.8347547405647,1074.3504604383895,1.7071393702859818,0.0,false,Gurobi.Optimizer
VLP Boizenburg,2024-08-22,Maximize_Demand_Coverage,CAPACITY_CONSTRAINT_DRIVER_BREAKS,ONLY_DEMAND,0.75,Optimal,1.4357640743255615,6,153,96,2841.484084637316,1053.7934640527787,1.8424379704561806,0.0,false,Gurobi.Optimizer
VLP Boizenburg,2024-08-22,Maximize_Demand_Coverage,CAPACITY_CONSTRAINT_DRIVER_BREAKS,ONLY_DEMAND,0.8,Optimal,1.7154200077056885,7,153,96,3242.7484791281513,1232.4666841776527,1.8214268925303685,0.0,false,Gurobi.Optimizer
VLP Boizenburg,2024-08-22,Maximize_Demand_Coverage,CAPACITY_CONSTRAINT_DRIVER_BREAKS,ONLY_DEMAND,0.85,Optimal,2.5785510540008545,8,153,96,3670.180648741583,1533.8788708823604,1.7300774211109737,0.0,false,Gurobi.Optimizer
VLP Boizenburg,2024-08-22,Maximize_Demand_Coverage,CAPACITY_CONSTRAINT_DRIVER_BREAKS,ONLY_DEMAND,0.9,Optimal,3.3279500007629395,10,153,96,4607.467110050792,2224.885057390345,1.6569196915403333,0.0,false,Gurobi.Optimizer
VLP Boizenburg,2024-08-22,Maximize_Demand_Coverage,CAPACITY_CONSTRAINT_DRIVER_BREAKS,ONLY_DEMAND,0.95,Optimal,2.3302857875823975,12,153,96,4985.093603168632,2055.2834814148173,1.5507660485309467,0.0,false,Gurobi.Optimizer
VLP Boizenburg,2024-08-22,Maximize_Demand_Coverage,CAPACITY_CONSTRAINT_DRIVER_BREAKS,ONLY_DEMAND,1.0,Optimal,3.325096845626831,16,153,96,5728.594788499324,2547.565401697754,1.4734901653545547,0.0,false,Gurobi.Optimizer
VLP Boizenburg,2024-08-22,Maximize_Demand_Coverage,CAPACITY_CONSTRAINT_DRIVER_BREAKS_AVAILABLE,ONLY_DEMAND,0.05,Optimal,0.0380709171295166,1,9,96,115.41201537029838,15.451464594472895,3.3238636363636362,0.0,false,Gurobi.Optimizer
VLP Boizenburg,2024-08-22,Maximize_Demand_Coverage,CAPACITY_CONSTRAINT_DRIVER_BREAKS_AVAILABLE,ONLY_DEMAND,0.1,Optimal,0.04252004623413086,1,9,96,494.76076560518254,137.65494662071006,2.4166666666666665,0.0,false,Gurobi.Optimizer
VLP Boizenburg,2024-08-22,Maximize_Demand_Coverage,CAPACITY_CONSTRAINT_DRIVER_BREAKS_AVAILABLE,ONLY_DEMAND,0.15,Optimal,0.03541684150695801,1,9,96,494.76076560518254,137.65494662071006,2.4166666666666665,0.0,false,Gurobi.Optimizer
VLP Boizenburg,2024-08-22,Maximize_Demand_Coverage,CAPACITY_CONSTRAINT_DRIVER_BREAKS_AVAILABLE,ONLY_DEMAND,0.2,Optimal,0.04105019569396973,2,9,96,529.5912899029945,137.65494662071006,2.3194444444444446,0.0,false,Gurobi.Optimizer
VLP Boizenburg,2024-08-22,Maximize_Demand_Coverage,CAPACITY_CONSTRAINT_DRIVER_BREAKS_AVAILABLE,ONLY_DEMAND,0.25,Optimal,0.04110980033874512,2,9,96,874.6742463727537,420.10573832830175,2.2678365384615384,0.0,false,Gurobi.Optimizer
VLP Boizenburg,2024-08-22,Maximize_Demand_Coverage,CAPACITY_CONSTRAINT_DRIVER_BREAKS_AVAILABLE,ONLY_DEMAND,0.3,Optimal,0.04313778877258301,2,9,96,875.6742463727537,303.4895133523923,2.183943089430894,0.0,false,Gurobi.Optimizer
VLP Boizenburg,2024-08-22,Maximize_Demand_Coverage,CAPACITY_CONSTRAINT_DRIVER_BREAKS_AVAILABLE,ONLY_DEMAND,0.35,Optimal,0.04423117637634277,3,9,96,1118.3111336270047,416.1177819425456,2.301306526929289,0.0,false,Gurobi.Optimizer
VLP Boizenburg,2024-08-22,Maximize_Demand_Coverage,CAPACITY_CONSTRAINT_DRIVER_BREAKS_AVAILABLE,ONLY_DEMAND,0.4,Optimal,0.04531216621398926,3,9,96,1278.941229179645,463.4521766560199,2.137979603480245,0.0,false,Gurobi.Optimizer
VLP Boizenburg,2024-08-22,Maximize_Demand_Coverage,CAPACITY_CONSTRAINT_DRIVER_BREAKS_AVAILABLE,ONLY_DEMAND,0.45,Optimal,0.044950008392333984,4,9,96,1541.6330515029151,583.1364116846582,1.9326455013823711,0.0,false,Gurobi.Optimizer
VLP Boizenburg,2024-08-22,Maximize_Demand_Coverage,CAPACITY_CONSTRAINT_DRIVER_BREAKS_AVAILABLE,ONLY_DEMAND,0.5,Optimal,0.04385209083557129,5,9,96,1935.9214525314626,761.2582120460002,1.9904876018602675,0.0,false,Gurobi.Optimizer
VLP Boizenburg,2024-08-22,Maximize_Demand_Coverage,CAPACITY_CONSTRAINT_DRIVER_BREAKS_AVAILABLE,ONLY_DEMAND,0.55,Optimal,0.047045230865478516,5,9,96,2066.507000576076,753.9072125676895,1.9112626012460172,0.0,false,Gurobi.Optimizer
VLP Boizenburg,2024-08-22,Maximize_Demand_Coverage,CAPACITY_CONSTRAINT_DRIVER_BREAKS_AVAILABLE,ONLY_DEMAND,0.6,Optimal,0.0443880558013916,6,9,96,2452.3857982409104,903.9565190807529,1.8293151835751444,0.0,false,Gurobi.Optimizer
VLP Boizenburg,2024-08-22,Maximize_Demand_Coverage,CAPACITY_CONSTRAINT_DRIVER_BREAKS_AVAILABLE,ONLY_DEMAND,0.65,Optimal,0.04704999923706055,7,9,96,2882.578948362308,1138.1079178434943,1.835663112008035,0.0,false,Gurobi.Optimizer
VLP Boizenburg,2024-08-22,Maximize_Demand_Coverage,CAPACITY_CONSTRAINT_DRIVER_BREAKS_AVAILABLE,ONLY_DEMAND,0.7,INFEASIBLE_OR_UNBOUNDED,0.03761100769042969,0,9,96,0.0,0.0,0.0,,false,Gurobi.Optimizer
VLP Boizenburg,2024-08-22,Maximize_Demand_Coverage,CAPACITY_CONSTRAINT_DRIVER_BREAKS_AVAILABLE,ONLY_DEMAND,0.75,INFEASIBLE_OR_UNBOUNDED,0.03755307197570801,0,9,96,0.0,0.0,0.0,,false,Gurobi.Optimizer
VLP Boizenburg,2024-08-22,Maximize_Demand_Coverage,CAPACITY_CONSTRAINT_DRIVER_BREAKS_AVAILABLE,ONLY_DEMAND,0.8,INFEASIBLE_OR_UNBOUNDED,0.036128997802734375,0,9,96,0.0,0.0,0.0,,false,Gurobi.Optimizer
VLP Boizenburg,2024-08-22,Maximize_Demand_Coverage,CAPACITY_CONSTRAINT_DRIVER_BREAKS_AVAILABLE,ONLY_DEMAND,0.85,INFEASIBLE_OR_UNBOUNDED,0.0842430591583252,0,9,96,0.0,0.0,0.0,,false,Gurobi.Optimizer
VLP Boizenburg,2024-08-22,Maximize_Demand_Coverage,CAPACITY_CONSTRAINT_DRIVER_BREAKS_AVAILABLE,ONLY_DEMAND,0.9,INFEASIBLE_OR_UNBOUNDED,0.00391387939453125,0,9,96,0.0,0.0,0.0,,false,Gurobi.Optimizer
VLP Boizenburg,2024-08-22,Maximize_Demand_Coverage,CAPACITY_CONSTRAINT_DRIVER_BREAKS_AVAILABLE,ONLY_DEMAND,0.95,INFEASIBLE_OR_UNBOUNDED,0.003898143768310547,0,9,96,0.0,0.0,0.0,,false,Gurobi.Optimizer
VLP Boizenburg,2024-08-22,Maximize_Demand_Coverage,CAPACITY_CONSTRAINT_DRIVER_BREAKS_AVAILABLE,ONLY_DEMAND,1.0,INFEASIBLE_OR_UNBOUNDED,0.0039598941802978516,0,9,96,0.0,0.0,0.0,,false,Gurobi.Optimizer
VLP Hagenow,2024-08-22,Maximize_Demand_Coverage,CAPACITY_CONSTRAINT_DRIVER_BREAKS,ONLY_DEMAND,0.05,Optimal,0.4668700695037842,1,153,100,401.0783170046834,168.2576476706348,2.9523809523809526,0.0,false,Gurobi.Optimizer
VLP Hagenow,2024-08-22,Maximize_Demand_Coverage,CAPACITY_CONSTRAINT_DRIVER_BREAKS,ONLY_DEMAND,0.1,Optimal,0.47377514839172363,1,153,100,401.0783170046834,153.37080833102868,3.0132743362831858,0.0,false,Gurobi.Optimizer
VLP Hagenow,2024-08-22,Maximize_Demand_Coverage,CAPACITY_CONSTRAINT_DRIVER_BREAKS,ONLY_DEMAND,0.15,Optimal,0.48850297927856445,1,153,100,401.0783170046834,153.37080833102868,3.0132743362831858,0.0,false,Gurobi.Optimizer
VLP Hagenow,2024-08-22,Maximize_Demand_Coverage,CAPACITY_CONSTRAINT_DRIVER_BREAKS,ONLY_DEMAND,0.2,Optimal,0.5753087997436523,2,153,100,743.9262956584807,278.91273663399716,2.4758152503333735,0.0,false,Gurobi.Optimizer
VLP Hagenow,2024-08-22,Maximize_Demand_Coverage,CAPACITY_CONSTRAINT_DRIVER_BREAKS,ONLY_DEMAND,0.25,Optimal,0.5903379917144775,2,153,100,809.5504045478499,315.9607758375135,2.4949184181415927,0.0,false,Gurobi.Optimizer
VLP Hagenow,2024-08-22,Maximize_Demand_Coverage,CAPACITY_CONSTRAINT_DRIVER_BREAKS,ONLY_DEMAND,0.3,Optimal,0.7874710559844971,3,153,100,1243.468140214045,486.64090843255076,2.33442614937713,0.0,false,Gurobi.Optimizer
VLP Hagenow,2024-08-22,Maximize_Demand_Coverage,CAPACITY_CONSTRAINT_DRIVER_BREAKS,ONLY_DEMAND,0.35,Optimal,0.77115797996521,3,153,100,1350.825115483548,377.34550568413175,1.7622461936736018,0.0,false,Gurobi.Optimizer
VLP Hagenow,2024-08-22,Maximize_Demand_Coverage,CAPACITY_CONSTRAINT_DRIVER_BREAKS,ONLY_DEMAND,0.4,Optimal,0.7257070541381836,4,153,100,1595.9098076629518,464.29140467887345,1.868367581174991,0.0,false,Gurobi.Optimizer
VLP Hagenow,2024-08-22,Maximize_Demand_Coverage,CAPACITY_CONSTRAINT_DRIVER_BREAKS,ONLY_DEMAND,0.45,Optimal,0.9659268856048584,4,153,100,1603.8134369714571,483.71657509159104,2.008299925538846,0.0,false,Gurobi.Optimizer
VLP Hagenow,2024-08-22,Maximize_Demand_Coverage,CAPACITY_CONSTRAINT_DRIVER_BREAKS,ONLY_DEMAND,0.5,Optimal,1.0782170295715332,5,153,100,1902.098082678875,657.7681031376078,1.8810734177905224,0.0,false,Gurobi.Optimizer
VLP Hagenow,2024-08-22,Maximize_Demand_Coverage,CAPACITY_CONSTRAINT_DRIVER_BREAKS,ONLY_DEMAND,0.55,Optimal,1.437488079071045,5,153,100,2285.886612000409,792.691757128031,1.7284769244646239,0.0,false,Gurobi.Optimizer
VLP Hagenow,2024-08-22,Maximize_Demand_Coverage,CAPACITY_CONSTRAINT_DRIVER_BREAKS,ONLY_DEMAND,0.6,Optimal,1.4498140811920166,6,153,100,2638.225934822789,967.6678062631039,1.7652468097423526,0.0,false,Gurobi.Optimizer
VLP Hagenow,2024-08-22,Maximize_Demand_Coverage,CAPACITY_CONSTRAINT_DRIVER_BREAKS,ONLY_DEMAND,0.65,Optimal,1.5125432014465332,7,153,100,3105.3553257787567,1077.9309145305203,1.673888537546283,0.0,false,Gurobi.Optimizer
VLP Hagenow,2024-08-22,Maximize_Demand_Coverage,CAPACITY_CONSTRAINT_DRIVER_BREAKS,ONLY_DEMAND,0.7,Optimal,1.1583349704742432,8,153,100,3243.71409986474,1133.9511885170443,1.5576222089477099,0.0,false,Gurobi.Optimizer
VLP Hagenow,2024-08-22,Maximize_Demand_Coverage,CAPACITY_CONSTRAINT_DRIVER_BREAKS,ONLY_DEMAND,0.75,Optimal,1.3711650371551514,8,153,100,3527.7557863248767,1242.8057319193445,1.5486886389846957,0.0,false,Gurobi.Optimizer
VLP Hagenow,2024-08-22,Maximize_Demand_Coverage,CAPACITY_CONSTRAINT_DRIVER_BREAKS,ONLY_DEMAND,0.8,Optimal,1.4017610549926758,9,153,100,3994.812924029286,1473.7624313645429,1.5116341416345886,0.0,false,Gurobi.Optimizer
VLP Hagenow,2024-08-22,Maximize_Demand_Coverage,CAPACITY_CONSTRAINT_DRIVER_BREAKS,ONLY_DEMAND,0.85,Optimal,2.160933017730713,11,153,100,4916.273367355146,1932.5896563175593,1.4072609491069261,0.0,false,Gurobi.Optimizer
VLP Hagenow,2024-08-22,Maximize_Demand_Coverage,CAPACITY_CONSTRAINT_DRIVER_BREAKS,ONLY_DEMAND,0.9,Optimal,1.7259840965270996,12,153,100,5272.746153976945,2095.960658447864,1.4151160260664613,0.0,false,Gurobi.Optimizer
VLP Hagenow,2024-08-22,Maximize_Demand_Coverage,CAPACITY_CONSTRAINT_DRIVER_BREAKS,ONLY_DEMAND,0.95,Optimal,2.1460049152374268,14,153,100,5968.735327976638,2481.776630908957,1.4022686043157007,0.0,false,Gurobi.Optimizer
VLP Hagenow,2024-08-22,Maximize_Demand_Coverage,CAPACITY_CONSTRAINT_DRIVER_BREAKS,ONLY_DEMAND,1.0,Optimal,3.3905820846557617,17,153,100,6731.876798685079,2720.912354062828,1.3939935523981726,0.0,false,Gurobi.Optimizer
VLP Hagenow,2024-08-22,Maximize_Demand_Coverage,CAPACITY_CONSTRAINT_DRIVER_BREAKS_AVAILABLE,ONLY_DEMAND,0.05,Optimal,0.11450004577636719,1,20,100,401.0783170046834,168.2576476706348,2.9523809523809526,0.0,false,Gurobi.Optimizer
VLP Hagenow,2024-08-22,Maximize_Demand_Coverage,CAPACITY_CONSTRAINT_DRIVER_BREAKS_AVAILABLE,ONLY_DEMAND,0.1,Optimal,0.09340500831604004,1,20,100,401.0783170046834,168.2576476706348,2.9523809523809526,0.0,false,Gurobi.Optimizer
VLP Hagenow,2024-08-22,Maximize_Demand_Coverage,CAPACITY_CONSTRAINT_DRIVER_BREAKS_AVAILABLE,ONLY_DEMAND,0.15,Optimal,0.08185100555419922,1,20,100,401.0783170046834,153.37080833102868,3.0132743362831858,0.0,false,Gurobi.Optimizer
VLP Hagenow,2024-08-22,Maximize_Demand_Coverage,CAPACITY_CONSTRAINT_DRIVER_BREAKS_AVAILABLE,ONLY_DEMAND,0.2,Optimal,0.08643102645874023,2,20,100,743.9262956584807,278.91273663399716,2.4758152503333735,0.0,false,Gurobi.Optimizer
VLP Hagenow,2024-08-22,Maximize_Demand_Coverage,CAPACITY_CONSTRAINT_DRIVER_BREAKS_AVAILABLE,ONLY_DEMAND,0.25,Optimal,0.0875089168548584,2,20,100,965.0036397409776,378.02466509485316,2.0479355203619907,0.0,false,Gurobi.Optimizer
VLP Hagenow,2024-08-22,Maximize_Demand_Coverage,CAPACITY_CONSTRAINT_DRIVER_BREAKS_AVAILABLE,ONLY_DEMAND,0.3,Optimal,0.10011792182922363,3,20,100,1254.1301935819865,485.76520547691655,2.3216866878965274,0.0,false,Gurobi.Optimizer
VLP Hagenow,2024-08-22,Maximize_Demand_Coverage,CAPACITY_CONSTRAINT_DRIVER_BREAKS_AVAILABLE,ONLY_DEMAND,0.35,Optimal,0.10050582885742188,3,20,100,1358.3529720029294,449.5720204694625,2.031845105076948,0.0,false,Gurobi.Optimizer
VLP Hagenow,2024-08-22,Maximize_Demand_Coverage,CAPACITY_CONSTRAINT_DRIVER_BREAKS_AVAILABLE,ONLY_DEMAND,0.4,Optimal,0.10514020919799805,4,20,100,1485.883474781258,516.872742368133,1.9418891284353879,0.0,false,Gurobi.Optimizer
VLP Hagenow,2024-08-22,Maximize_Demand_Coverage,CAPACITY_CONSTRAINT_DRIVER_BREAKS_AVAILABLE,ONLY_DEMAND,0.45,Optimal,0.10518288612365723,4,20,100,1818.766351288059,627.2720665897588,1.8998485708091408,0.0,false,Gurobi.Optimizer
VLP Hagenow,2024-08-22,Maximize_Demand_Coverage,CAPACITY_CONSTRAINT_DRIVER_BREAKS_AVAILABLE,ONLY_DEMAND,0.5,Optimal,0.12450194358825684,5,20,100,1873.398849331059,608.5776134462584,1.937627010941161,0.0,false,Gurobi.Optimizer
VLP Hagenow,2024-08-22,Maximize_Demand_Coverage,CAPACITY_CONSTRAINT_DRIVER_BREAKS_AVAILABLE,ONLY_DEMAND,0.55,Optimal,0.13990402221679688,6,20,100,2274.14027183051,730.7562257899962,1.6359377414150253,0.0,false,Gurobi.Optimizer
VLP Hagenow,2024-08-22,Maximize_Demand_Coverage,CAPACITY_CONSTRAINT_DRIVER_BREAKS_AVAILABLE,ONLY_DEMAND,0.6,Optimal,0.14437294006347656,6,20,100,2747.724594456884,964.9890396400018,1.7430458790553296,0.0,false,Gurobi.Optimizer
VLP Hagenow,2024-08-22,Maximize_Demand_Coverage,CAPACITY_CONSTRAINT_DRIVER_BREAKS_AVAILABLE,ONLY_DEMAND,0.65,Optimal,0.1364130973815918,7,20,100,2966.207121659173,1058.5228829614603,1.7304302640948912,0.0,false,Gurobi.Optimizer
VLP Hagenow,2024-08-22,Maximize_Demand_Coverage,CAPACITY_CONSTRAINT_DRIVER_BREAKS_AVAILABLE,ONLY_DEMAND,0.7,Optimal,0.13267111778259277,8,20,100,3375.101690959162,1234.4253572405432,1.649207092210816,0.0,false,Gurobi.Optimizer
VLP Hagenow,2024-08-22,Maximize_Demand_Coverage,CAPACITY_CONSTRAINT_DRIVER_BREAKS_AVAILABLE,ONLY_DEMAND,0.75,INFEASIBLE_OR_UNBOUNDED,0.09931588172912598,0,20,100,0.0,0.0,0.0,,false,Gurobi.Optimizer
VLP Hagenow,2024-08-22,Maximize_Demand_Coverage,CAPACITY_CONSTRAINT_DRIVER_BREAKS_AVAILABLE,ONLY_DEMAND,0.8,INFEASIBLE_OR_UNBOUNDED,0.08154606819152832,0,20,100,0.0,0.0,0.0,,false,Gurobi.Optimizer
VLP Hagenow,2024-08-22,Maximize_Demand_Coverage,CAPACITY_CONSTRAINT_DRIVER_BREAKS_AVAILABLE,ONLY_DEMAND,0.85,INFEASIBLE_OR_UNBOUNDED,0.0718851089477539,0,20,100,0.0,0.0,0.0,,false,Gurobi.Optimizer
VLP Hagenow,2024-08-22,Maximize_Demand_Coverage,CAPACITY_CONSTRAINT_DRIVER_BREAKS_AVAILABLE,ONLY_DEMAND,0.9,INFEASIBLE_OR_UNBOUNDED,0.07083797454833984,0,20,100,0.0,0.0,0.0,,false,Gurobi.Optimizer
VLP Hagenow,2024-08-22,Maximize_Demand_Coverage,CAPACITY_CONSTRAINT_DRIVER_BREAKS_AVAILABLE,ONLY_DEMAND,0.95,INFEASIBLE_OR_UNBOUNDED,0.06571292877197266,0,20,100,0.0,0.0,0.0,,false,Gurobi.Optimizer
VLP Hagenow,2024-08-22,Maximize_Demand_Coverage,CAPACITY_CONSTRAINT_DRIVER_BREAKS_AVAILABLE,ONLY_DEMAND,1.0,INFEASIBLE_OR_UNBOUNDED,0.06122779846191406,0,20,100,0.0,0.0,0.0,,false,Gurobi.Optimizer
VLP Parchim,2024-08-22,Maximize_Demand_Coverage,CAPACITY_CONSTRAINT_DRIVER_BREAKS,ONLY_DEMAND,0.05,Optimal,0.849236011505127,1,153,112,187.72579814822404,51.16476843348005,1.6881720430107527,0.0,false,Gurobi.Optimizer
VLP Parchim,2024-08-22,Maximize_Demand_Coverage,CAPACITY_CONSTRAINT_DRIVER_BREAKS,ONLY_DEMAND,0.1,Optimal,0.751600980758667,1,153,112,470.82826246320997,174.35375599354188,2.303664921465969,0.0,false,Gurobi.Optimizer
VLP Parchim,2024-08-22,Maximize_Demand_Coverage,CAPACITY_CONSTRAINT_DRIVER_BREAKS,ONLY_DEMAND,0.15,Optimal,1.3621571063995361,2,153,112,610.289168088386,165.73062772444075,1.871311475409836,0.0,false,Gurobi.Optimizer
VLP Parchim,2024-08-22,Maximize_Demand_Coverage,CAPACITY_CONSTRAINT_DRIVER_BREAKS,ONLY_DEMAND,0.2,Optimal,0.9103648662567139,2,153,112,912.4440602117218,294.91833549815647,2.5427809327138187,0.0,false,Gurobi.Optimizer
VLP Parchim,2024-08-22,Maximize_Demand_Coverage,CAPACITY_CONSTRAINT_DRIVER_BREAKS,ONLY_DEMAND,0.25,Optimal,0.9338278770446777,2,153,112,910.374525945251,295.90842686936855,2.835513267220584,0.0,false,Gurobi.Optimizer
VLP Parchim,2024-08-22,Maximize_Demand_Coverage,CAPACITY_CONSTRAINT_DRIVER_BREAKS,ONLY_DEMAND,0.3,Optimal,1.113875150680542,3,153,112,1385.7622610517428,562.7950496358593,2.5235069414545,0.0,false,Gurobi.Optimizer
VLP Parchim,2024-08-22,Maximize_Demand_Coverage,CAPACITY_CONSTRAINT_DRIVER_BREAKS,ONLY_DEMAND,0.35,Optimal,1.1623570919036865,3,153,112,1367.3600502770198,533.755492757058,2.5336328378555364,0.0,false,Gurobi.Optimizer
VLP Parchim,2024-08-22,Maximize_Demand_Coverage,CAPACITY_CONSTRAINT_DRIVER_BREAKS,ONLY_DEMAND,0.4,Optimal,1.6192891597747803,4,153,112,1815.4580652399336,723.0118332988703,2.1884396170110456,0.0,false,Gurobi.Optimizer
VLP Parchim,2024-08-22,Maximize_Demand_Coverage,CAPACITY_CONSTRAINT_DRIVER_BREAKS,ONLY_DEMAND,0.45,Optimal,3.2929599285125732,4,153,112,1868.2621552627186,647.7020789970481,2.2074509046146797,0.0,false,Gurobi.Optimizer
VLP Parchim,2024-08-22,Maximize_Demand_Coverage,CAPACITY_CONSTRAINT_DRIVER_BREAKS,ONLY_DEMAND,0.5,Optimal,1.251237154006958,5,153,112,2268.8261859506065,792.5969835069081,2.01603827295017,0.0,false,Gurobi.Optimizer
VLP Parchim,2024-08-22,Maximize_Demand_Coverage,CAPACITY_CONSTRAINT_DRIVER_BREAKS,ONLY_DEMAND,0.55,Optimal,8.161257982254028,6,153,112,2710.4285882772906,961.006021324242,1.9182156099131884,0.0,false,Gurobi.Optimizer
VLP Parchim,2024-08-22,Maximize_Demand_Coverage,CAPACITY_CONSTRAINT_DRIVER_BREAKS,ONLY_DEMAND,0.6,Optimal,2.04076886177063,6,153,112,2784.6369173372377,977.5576402492313,1.9387592645367342,0.0,false,Gurobi.Optimizer
VLP Parchim,2024-08-22,Maximize_Demand_Coverage,CAPACITY_CONSTRAINT_DRIVER_BREAKS,ONLY_DEMAND,0.65,Optimal,2.111027956008911,7,153,112,3181.845058621434,1057.5703550450912,1.8497480205159125,0.0,false,Gurobi.Optimizer
VLP Parchim,2024-08-22,Maximize_Demand_Coverage,CAPACITY_CONSTRAINT_DRIVER_BREAKS,ONLY_DEMAND,0.7,Optimal,2.9927849769592285,8,153,112,3635.8334654759374,1371.1008370685763,1.8323598781323231,0.0,false,Gurobi.Optimizer
VLP Parchim,2024-08-22,Maximize_Demand_Coverage,CAPACITY_CONSTRAINT_DRIVER_BREAKS,ONLY_DEMAND,0.75,Optimal,4.901668071746826,9,153,112,4005.7415060828343,1369.1336262094928,1.7210409065769925,0.0,false,Gurobi.Optimizer
VLP Parchim,2024-08-22,Maximize_Demand_Coverage,CAPACITY_CONSTRAINT_DRIVER_BREAKS,ONLY_DEMAND,0.8,Optimal,2.9547600746154785,10,153,112,4631.639256945001,1648.8209757699524,1.6745660288697426,0.0,false,Gurobi.Optimizer
VLP Parchim,2024-08-22,Maximize_Demand_Coverage,CAPACITY_CONSTRAINT_DRIVER_BREAKS,ONLY_DEMAND,0.85,Optimal,4.404664039611816,11,153,112,4803.847119551198,1645.707349986827,1.5916042411781879,0.0,false,Gurobi.Optimizer
VLP Parchim,2024-08-22,Maximize_Demand_Coverage,CAPACITY_CONSTRAINT_DRIVER_BREAKS,ONLY_DEMAND,0.9,Optimal,7.75450587272644,12,153,112,5368.600247611053,1841.150244778237,1.6109470027900485,0.0,false,Gurobi.Optimizer
VLP Parchim,2024-08-22,Maximize_Demand_Coverage,CAPACITY_CONSTRAINT_DRIVER_BREAKS,ONLY_DEMAND,0.95,Optimal,5.078407049179077,14,153,112,6240.986123703751,2262.8246360604244,1.5817519902466854,0.0,false,Gurobi.Optimizer
VLP Parchim,2024-08-22,Maximize_Demand_Coverage,CAPACITY_CONSTRAINT_DRIVER_BREAKS,ONLY_DEMAND,1.0,Optimal,4.737019062042236,18,153,112,6929.131365860332,2731.644554066071,1.4940181742781204,0.0,false,Gurobi.Optimizer
VLP Parchim,2024-08-22,Maximize_Demand_Coverage,CAPACITY_CONSTRAINT_DRIVER_BREAKS_AVAILABLE,ONLY_DEMAND,0.05,Optimal,0.11212706565856934,1,18,112,316.9770309265691,114.53516967713938,2.619718309859155,0.0,false,Gurobi.Optimizer
VLP Parchim,2024-08-22,Maximize_Demand_Coverage,CAPACITY_CONSTRAINT_DRIVER_BREAKS_AVAILABLE,ONLY_DEMAND,0.1,Optimal,0.09859204292297363,1,18,112,413.6943457633072,165.16200169893204,2.223529411764706,0.0,false,Gurobi.Optimizer
VLP Parchim,2024-08-22,Maximize_Demand_Coverage,CAPACITY_CONSTRAINT_DRIVER_BREAKS_AVAILABLE,ONLY_DEMAND,0.15,Optimal,0.155379056930542,2,18,112,874.1529707982885,429.6539198451902,1.8607876846135816,0.0,false,Gurobi.Optimizer
VLP Parchim,2024-08-22,Maximize_Demand_Coverage,CAPACITY_CONSTRAINT_DRIVER_BREAKS_AVAILABLE,ONLY_DEMAND,0.2,Optimal,0.10815000534057617,2,18,112,927.8137867949789,322.9696109353041,1.7255365526492286,0.0,false,Gurobi.Optimizer
VLP Parchim,2024-08-22,Maximize_Demand_Coverage,CAPACITY_CONSTRAINT_DRIVER_BREAKS_AVAILABLE,ONLY_DEMAND,0.25,Optimal,0.1602637767791748,3,18,112,1360.3761491135929,610.5153388586323,1.8462153875634761,0.0,false,Gurobi.Optimizer
VLP Parchim,2024-08-22,Maximize_Demand_Coverage,CAPACITY_CONSTRAINT_DRIVER_BREAKS_AVAILABLE,ONLY_DEMAND,0.3,Optimal,0.1711711883544922,3,18,112,1395.5123841916165,516.2924382866017,1.4825045310974385,0.0,false,Gurobi.Optimizer
VLP Parchim,2024-08-22,Maximize_Demand_Coverage,CAPACITY_CONSTRAINT_DRIVER_BREAKS_AVAILABLE,ONLY_DEMAND,0.35,Optimal,0.11494302749633789,4,18,112,1697.917098794051,563.2916355940317,1.5553378933319646,0.0,false,Gurobi.Optimizer
VLP Parchim,2024-08-22,Maximize_Demand_Coverage,CAPACITY_CONSTRAINT_DRIVER_BREAKS_AVAILABLE,ONLY_DEMAND,0.4,Optimal,0.15198111534118652,4,18,112,1780.5939533205712,620.5905777914803,1.6552732353945983,0.0,false,Gurobi.Optimizer
VLP Parchim,2024-08-22,Maximize_Demand_Coverage,CAPACITY_CONSTRAINT_DRIVER_BREAKS_AVAILABLE,ONLY_DEMAND,0.45,Optimal,0.09951996803283691,5,18,112,2107.29802564078,772.1847533123528,1.629861306302264,0.0,false,Gurobi.Optimizer
VLP Parchim,2024-08-22,Maximize_Demand_Coverage,CAPACITY_CONSTRAINT_DRIVER_BREAKS_AVAILABLE,ONLY_DEMAND,0.5,Optimal,0.1030728816986084,6,18,112,2448.8362562585307,834.5571953191536,1.4850572958716002,0.0,false,Gurobi.Optimizer
VLP Parchim,2024-08-22,Maximize_Demand_Coverage,CAPACITY_CONSTRAINT_DRIVER_BREAKS_AVAILABLE,ONLY_DEMAND,0.55,Optimal,0.10189104080200195,7,18,112,2901.7216313564704,1037.3849594998662,1.5482743037825426,0.0,false,Gurobi.Optimizer
VLP Parchim,2024-08-22,Maximize_Demand_Coverage,CAPACITY_CONSTRAINT_DRIVER_BREAKS_AVAILABLE,ONLY_DEMAND,0.6,Optimal,0.1037449836730957,8,18,112,3112.7093197548015,1050.3381309232996,1.5216079107925742,0.0,false,Gurobi.Optimizer
VLP Parchim,2024-08-22,Maximize_Demand_Coverage,CAPACITY_CONSTRAINT_DRIVER_BREAKS_AVAILABLE,ONLY_DEMAND,0.65,INFEASIBLE_OR_UNBOUNDED,0.07074785232543945,0,18,112,0.0,0.0,0.0,,false,Gurobi.Optimizer
VLP Parchim,2024-08-22,Maximize_Demand_Coverage,CAPACITY_CONSTRAINT_DRIVER_BREAKS_AVAILABLE,ONLY_DEMAND,0.7,INFEASIBLE_OR_UNBOUNDED,0.06765103340148926,0,18,112,0.0,0.0,0.0,,false,Gurobi.Optimizer
VLP Parchim,2024-08-22,Maximize_Demand_Coverage,CAPACITY_CONSTRAINT_DRIVER_BREAKS_AVAILABLE,ONLY_DEMAND,0.75,INFEASIBLE_OR_UNBOUNDED,0.06370997428894043,0,18,112,0.0,0.0,0.0,,false,Gurobi.Optimizer
VLP Parchim,2024-08-22,Maximize_Demand_Coverage,CAPACITY_CONSTRAINT_DRIVER_BREAKS_AVAILABLE,ONLY_DEMAND,0.8,INFEASIBLE_OR_UNBOUNDED,0.061543941497802734,0,18,112,0.0,0.0,0.0,,false,Gurobi.Optimizer
VLP Parchim,2024-08-22,Maximize_Demand_Coverage,CAPACITY_CONSTRAINT_DRIVER_BREAKS_AVAILABLE,ONLY_DEMAND,0.85,INFEASIBLE_OR_UNBOUNDED,0.05482196807861328,0,18,112,0.0,0.0,0.0,,false,Gurobi.Optimizer
VLP Parchim,2024-08-22,Maximize_Demand_Coverage,CAPACITY_CONSTRAINT_DRIVER_BREAKS_AVAILABLE,ONLY_DEMAND,0.9,INFEASIBLE_OR_UNBOUNDED,0.05184292793273926,0,18,112,0.0,0.0,0.0,,false,Gurobi.Optimizer
VLP Parchim,2024-08-22,Maximize_Demand_Coverage,CAPACITY_CONSTRAINT_DRIVER_BREAKS_AVAILABLE,ONLY_DEMAND,0.95,INFEASIBLE_OR_UNBOUNDED,0.009334802627563477,0,18,112,0.0,0.0,0.0,,false,Gurobi.Optimizer
VLP Parchim,2024-08-22,Maximize_Demand_Coverage,CAPACITY_CONSTRAINT_DRIVER_BREAKS_AVAILABLE,ONLY_DEMAND,1.0,INFEASIBLE_OR_UNBOUNDED,0.009488105773925781,0,18,112,0.0,0.0,0.0,,false,Gurobi.Optimizer
VLP Schwerin,2024-08-22,Maximize_Demand_Coverage,CAPACITY_CONSTRAINT_DRIVER_BREAKS,ONLY_DEMAND,0.05,Optimal,0.7399899959564209,1,153,62,355.39582887242045,181.39216219022592,1.481012658227848,0.0,false,Gurobi.Optimizer
VLP Schwerin,2024-08-22,Maximize_Demand_Coverage,CAPACITY_CONSTRAINT_DRIVER_BREAKS,ONLY_DEMAND,0.1,Optimal,0.5615310668945312,1,153,62,489.7617443533809,252.51241657965397,1.5396825396825398,0.0,false,Gurobi.Optimizer
VLP Schwerin,2024-08-22,Maximize_Demand_Coverage,CAPACITY_CONSTRAINT_DRIVER_BREAKS,ONLY_DEMAND,0.15,Optimal,0.4794487953186035,1,153,62,489.7617443533809,252.51241657965397,1.5396825396825398,0.0,false,Gurobi.Optimizer
VLP Schwerin,2024-08-22,Maximize_Demand_Coverage,CAPACITY_CONSTRAINT_DRIVER_BREAKS,ONLY_DEMAND,0.2,Optimal,0.4309241771697998,1,153,62,489.7617443533809,252.51241657965397,1.5396825396825398,0.0,false,Gurobi.Optimizer
VLP Schwerin,2024-08-22,Maximize_Demand_Coverage,CAPACITY_CONSTRAINT_DRIVER_BREAKS,ONLY_DEMAND,0.25,Optimal,0.49448585510253906,1,153,62,481.9583445702333,239.18537812021646,1.6554621848739495,0.0,false,Gurobi.Optimizer
VLP Schwerin,2024-08-22,Maximize_Demand_Coverage,CAPACITY_CONSTRAINT_DRIVER_BREAKS,ONLY_DEMAND,0.3,Optimal,0.3461189270019531,2,153,62,729.1910195463829,361.79449739863776,1.2877310924369747,0.0,false,Gurobi.Optimizer
VLP Schwerin,2024-08-22,Maximize_Demand_Coverage,CAPACITY_CONSTRAINT_DRIVER_BREAKS,ONLY_DEMAND,0.35,Optimal,0.37732696533203125,2,153,62,884.7696788328071,430.2669195176833,1.2696577243293246,0.0,false,Gurobi.Optimizer
VLP Schwerin,2024-08-22,Maximize_Demand_Coverage,CAPACITY_CONSTRAINT_DRIVER_BREAKS,ONLY_DEMAND,0.4,Optimal,0.3550598621368408,2,153,62,987.6866836516476,447.65124545532916,1.4915966386554622,0.0,false,Gurobi.Optimizer
VLP Schwerin,2024-08-22,Maximize_Demand_Coverage,CAPACITY_CONSTRAINT_DRIVER_BREAKS,ONLY_DEMAND,0.45,Optimal,0.42101097106933594,3,153,62,1140.1461419893867,490.5406449960632,1.5697800959464245,0.0,false,Gurobi.Optimizer
VLP Schwerin,2024-08-22,Maximize_Demand_Coverage,CAPACITY_CONSTRAINT_DRIVER_BREAKS,ONLY_DEMAND,0.5,Optimal,0.4524221420288086,3,153,62,1341.6402630938092,654.0299067796105,1.5614784745219528,0.0,false,Gurobi.Optimizer
VLP Schwerin,2024-08-22,Maximize_Demand_Coverage,CAPACITY_CONSTRAINT_DRIVER_BREAKS,ONLY_DEMAND,0.55,Optimal,0.49588704109191895,4,153,62,1766.546352135226,918.5137200696913,1.3873838288793734,0.0,false,Gurobi.Optimizer
VLP Schwerin,2024-08-22,Maximize_Demand_Coverage,CAPACITY_CONSTRAINT_DRIVER_BREAKS,ONLY_DEMAND,0.6,Optimal,0.5842480659484863,4,153,62,1445.304939090383,654.3730838070366,1.5753629764065336,0.0,false,Gurobi.Optimizer
VLP Schwerin,2024-08-22,Maximize_Demand_Coverage,CAPACITY_CONSTRAINT_DRIVER_BREAKS,ONLY_DEMAND,0.65,Optimal,0.5003478527069092,5,153,62,2166.362732315772,998.4609643355617,1.4544166571851178,0.0,false,Gurobi.Optimizer
VLP Schwerin,2024-08-22,Maximize_Demand_Coverage,CAPACITY_CONSTRAINT_DRIVER_BREAKS,ONLY_DEMAND,0.7,Optimal,0.6551640033721924,6,153,62,2652.3478987602357,1344.7739716354863,1.2155956730424815,0.0,false,Gurobi.Optimizer
VLP Schwerin,2024-08-22,Maximize_Demand_Coverage,CAPACITY_CONSTRAINT_DRIVER_BREAKS,ONLY_DEMAND,0.75,Optimal,0.5082998275756836,6,153,62,2303.703276108201,1144.3739070281124,1.3469443958734046,0.0,false,Gurobi.Optimizer
VLP Schwerin,2024-08-22,Maximize_Demand_Coverage,CAPACITY_CONSTRAINT_DRIVER_BREAKS,ONLY_DEMAND,0.8,Optimal,0.4281940460205078,7,153,62,2608.097472168887,1054.8081054598574,1.4402237262144695,0.0,false,Gurobi.Optimizer
VLP Schwerin,2024-08-22,Maximize_Demand_Coverage,CAPACITY_CONSTRAINT_DRIVER_BREAKS,ONLY_DEMAND,0.85,Optimal,0.7061190605163574,7,153,62,2536.375285467622,1016.7779296833116,1.3971412102290366,0.0,false,Gurobi.Optimizer
VLP Schwerin,2024-08-22,Maximize_Demand_Coverage,CAPACITY_CONSTRAINT_DRIVER_BREAKS,ONLY_DEMAND,0.9,Optimal,0.6004860401153564,8,153,62,2978.6375655507054,1189.2163006053659,1.4024833312679144,0.0,false,Gurobi.Optimizer
VLP Schwerin,2024-08-22,Maximize_Demand_Coverage,CAPACITY_CONSTRAINT_DRIVER_BREAKS,ONLY_DEMAND,0.95,Optimal,0.647968053817749,9,153,62,3326.930374329162,1396.6008826671236,1.3829412455982641,0.0,false,Gurobi.Optimizer
VLP Schwerin,2024-08-22,Maximize_Demand_Coverage,CAPACITY_CONSTRAINT_DRIVER_BREAKS,ONLY_DEMAND,1.0,Optimal,0.8474709987640381,12,153,62,3734.7490970838912,1563.1214844027018,1.4029056245181428,0.0,false,Gurobi.Optimizer
VLP Schwerin,2024-08-22,Maximize_Demand_Coverage,CAPACITY_CONSTRAINT_DRIVER_BREAKS_AVAILABLE,ONLY_DEMAND,0.05,Optimal,0.02831292152404785,1,14,62,282.44751805370527,165.71966000292082,1.72,0.0,false,Gurobi.Optimizer
VLP Schwerin,2024-08-22,Maximize_Demand_Coverage,CAPACITY_CONSTRAINT_DRIVER_BREAKS_AVAILABLE,ONLY_DEMAND,0.1,Optimal,0.029253005981445312,1,14,62,342.44751805370527,193.4385478557806,2.0526315789473686,0.0,false,Gurobi.Optimizer
VLP Schwerin,2024-08-22,Maximize_Demand_Coverage,CAPACITY_CONSTRAINT_DRIVER_BREAKS_AVAILABLE,ONLY_DEMAND,0.15,Optimal,0.02721405029296875,1,14,62,386.2050526893662,193.66436052062386,2.0760869565217392,0.0,false,Gurobi.Optimizer
VLP Schwerin,2024-08-22,Maximize_Demand_Coverage,CAPACITY_CONSTRAINT_DRIVER_BREAKS_AVAILABLE,ONLY_DEMAND,0.2,Optimal,0.02729010581970215,1,14,62,481.9583445702333,238.84233795142563,1.8134328358208955,0.0,false,Gurobi.Optimizer
VLP Schwerin,2024-08-22,Maximize_Demand_Coverage,CAPACITY_CONSTRAINT_DRIVER_BREAKS_AVAILABLE,ONLY_DEMAND,0.25,Optimal,0.028359174728393555,1,14,62,489.7617443533809,252.51241657965397,1.5396825396825398,0.0,false,Gurobi.Optimizer
VLP Schwerin,2024-08-22,Maximize_Demand_Coverage,CAPACITY_CONSTRAINT_DRIVER_BREAKS_AVAILABLE,ONLY_DEMAND,0.3,Optimal,0.03148007392883301,2,14,62,671.6209219595173,317.77672474704866,1.5475864764510456,0.0,false,Gurobi.Optimizer
VLP Schwerin,2024-08-22,Maximize_Demand_Coverage,CAPACITY_CONSTRAINT_DRIVER_BREAKS_AVAILABLE,ONLY_DEMAND,0.35,Optimal,0.03187394142150879,2,14,62,876.2239343083147,456.21159337237975,1.2388655462184874,0.0,false,Gurobi.Optimizer
VLP Schwerin,2024-08-22,Maximize_Demand_Coverage,CAPACITY_CONSTRAINT_DRIVER_BREAKS_AVAILABLE,ONLY_DEMAND,0.4,Optimal,0.029880046844482422,3,14,62,1082.9673239569772,519.5684776482992,1.6609543524154529,0.0,false,Gurobi.Optimizer
VLP Schwerin,2024-08-22,Maximize_Demand_Coverage,CAPACITY_CONSTRAINT_DRIVER_BREAKS_AVAILABLE,ONLY_DEMAND,0.45,Optimal,0.03445696830749512,3,14,62,1140.5892866004644,540.5047525024867,1.4848302405358014,0.0,false,Gurobi.Optimizer
VLP Schwerin,2024-08-22,Maximize_Demand_Coverage,CAPACITY_CONSTRAINT_DRIVER_BREAKS_AVAILABLE,ONLY_DEMAND,0.5,Optimal,0.03387093544006348,4,14,62,1399.8988460195558,636.3321492993454,1.378560136791844,0.0,false,Gurobi.Optimizer
VLP Schwerin,2024-08-22,Maximize_Demand_Coverage,CAPACITY_CONSTRAINT_DRIVER_BREAKS_AVAILABLE,ONLY_DEMAND,0.55,Optimal,0.03573894500732422,4,14,62,1605.2179946197903,728.0139390871507,1.4365226757111655,0.0,false,Gurobi.Optimizer
VLP Schwerin,2024-08-22,Maximize_Demand_Coverage,CAPACITY_CONSTRAINT_DRIVER_BREAKS_AVAILABLE,ONLY_DEMAND,0.6,Optimal,0.031976938247680664,5,14,62,1633.9861087306806,732.9528376619422,1.757241597353957,0.0,false,Gurobi.Optimizer
VLP Schwerin,2024-08-22,Maximize_Demand_Coverage,CAPACITY_CONSTRAINT_DRIVER_BREAKS_AVAILABLE,ONLY_DEMAND,0.65,Optimal,0.030057907104492188,5,14,62,1653.1413283932554,677.4063152088077,1.4321844398606032,0.0,false,Gurobi.Optimizer
VLP Schwerin,2024-08-22,Maximize_Demand_Coverage,CAPACITY_CONSTRAINT_DRIVER_BREAKS_AVAILABLE,ONLY_DEMAND,0.7,Optimal,0.036080121994018555,6,14,62,2091.218828359186,942.6074431209009,1.476657874618984,0.0,false,Gurobi.Optimizer
VLP Schwerin,2024-08-22,Maximize_Demand_Coverage,CAPACITY_CONSTRAINT_DRIVER_BREAKS_AVAILABLE,ONLY_DEMAND,0.75,Optimal,0.0367131233215332,7,14,62,2225.6318391095947,991.7148253715762,1.3706837237926788,0.0,false,Gurobi.Optimizer
VLP Schwerin,2024-08-22,Maximize_Demand_Coverage,CAPACITY_CONSTRAINT_DRIVER_BREAKS_AVAILABLE,ONLY_DEMAND,0.8,INFEASIBLE_OR_UNBOUNDED,0.02573108673095703,0,14,62,0.0,0.0,0.0,,false,Gurobi.Optimizer
VLP Schwerin,2024-08-22,Maximize_Demand_Coverage,CAPACITY_CONSTRAINT_DRIVER_BREAKS_AVAILABLE,ONLY_DEMAND,0.85,INFEASIBLE_OR_UNBOUNDED,0.023951053619384766,0,14,62,0.0,0.0,0.0,,false,Gurobi.Optimizer
VLP Schwerin,2024-08-22,Maximize_Demand_Coverage,CAPACITY_CONSTRAINT_DRIVER_BREAKS_AVAILABLE,ONLY_DEMAND,0.9,INFEASIBLE_OR_UNBOUNDED,0.02308201789855957,0,14,62,0.0,0.0,0.0,,false,Gurobi.Optimizer
VLP Schwerin,2024-08-22,Maximize_Demand_Coverage,CAPACITY_CONSTRAINT_DRIVER_BREAKS_AVAILABLE,ONLY_DEMAND,0.95,INFEASIBLE_OR_UNBOUNDED,0.020107030868530273,0,14,62,0.0,0.0,0.0,,false,Gurobi.Optimizer
VLP Schwerin,2024-08-22,Maximize_Demand_Coverage,CAPACITY_CONSTRAINT_DRIVER_BREAKS_AVAILABLE,ONLY_DEMAND,1.0,INFEASIBLE_OR_UNBOUNDED,0.020142078399658203,0,14,62,0.0,0.0,0.0,,false,Gurobi.Optimizer
VLP Ludwigslust,2024-08-22,Maximize_Demand_Coverage,CAPACITY_CONSTRAINT_DRIVER_BREAKS,ONLY_DEMAND,0.05,Optimal,2.01416015625,1,153,90,104.30449144887257,6.353293738079969,2.161290322580645,0.0,false,Gurobi.Optimizer
VLP Ludwigslust,2024-08-22,Maximize_Demand_Coverage,CAPACITY_CONSTRAINT_DRIVER_BREAKS,ONLY_DEMAND,0.1,Optimal,1.0521330833435059,1,153,90,230.62896433180953,53.70857377849319,2.07,0.0,false,Gurobi.Optimizer
VLP Ludwigslust,2024-08-22,Maximize_Demand_Coverage,CAPACITY_CONSTRAINT_DRIVER_BREAKS,ONLY_DEMAND,0.15,Optimal,0.8789899349212646,1,153,90,405.67926820870304,103.42938504423381,2.081081081081081,0.0,false,Gurobi.Optimizer
VLP Ludwigslust,2024-08-22,Maximize_Demand_Coverage,CAPACITY_CONSTRAINT_DRIVER_BREAKS,ONLY_DEMAND,0.2,Optimal,0.7915470600128174,2,153,90,645.6142658654205,134.42603577314247,1.8493262411347517,0.0,false,Gurobi.Optimizer
VLP Ludwigslust,2024-08-22,Maximize_Demand_Coverage,CAPACITY_CONSTRAINT_DRIVER_BREAKS,ONLY_DEMAND,0.25,Optimal,0.9700961112976074,2,153,90,901.7321781371732,284.51991053715966,2.044588444033017,0.0,false,Gurobi.Optimizer
VLP Ludwigslust,2024-08-22,Maximize_Demand_Coverage,CAPACITY_CONSTRAINT_DRIVER_BREAKS,ONLY_DEMAND,0.3,Optimal,0.8292081356048584,2,153,90,901.7321781371732,283.60652704106775,2.028975363941769,0.0,false,Gurobi.Optimizer
VLP Ludwigslust,2024-08-22,Maximize_Demand_Coverage,CAPACITY_CONSTRAINT_DRIVER_BREAKS,ONLY_DEMAND,0.35,Optimal,0.894171953201294,3,153,90,1276.555607356484,411.08736047593294,1.8950301177007678,0.0,false,Gurobi.Optimizer
VLP Ludwigslust,2024-08-22,Maximize_Demand_Coverage,CAPACITY_CONSTRAINT_DRIVER_BREAKS,ONLY_DEMAND,0.4,Optimal,0.8971939086914062,3,153,90,1305.1532350997347,400.16985741682885,1.937873005022454,0.0,false,Gurobi.Optimizer
VLP Ludwigslust,2024-08-22,Maximize_Demand_Coverage,CAPACITY_CONSTRAINT_DRIVER_BREAKS,ONLY_DEMAND,0.45,Optimal,1.010495901107788,4,153,90,1697.1155239808622,572.8162013178303,1.7058586466592085,0.0,false,Gurobi.Optimizer
VLP Ludwigslust,2024-08-22,Maximize_Demand_Coverage,CAPACITY_CONSTRAINT_DRIVER_BREAKS,ONLY_DEMAND,0.5,Optimal,2.737182140350342,5,153,90,2083.516772296275,708.3097846741847,1.7397640597867732,0.0,false,Gurobi.Optimizer
VLP Ludwigslust,2024-08-22,Maximize_Demand_Coverage,CAPACITY_CONSTRAINT_DRIVER_BREAKS,ONLY_DEMAND,0.55,Optimal,0.9265680313110352,5,153,90,2300.883107095067,655.9810533675385,1.5960531342344468,0.0,false,Gurobi.Optimizer
VLP Ludwigslust,2024-08-22,Maximize_Demand_Coverage,CAPACITY_CONSTRAINT_DRIVER_BREAKS,ONLY_DEMAND,0.6,Optimal,0.9456770420074463,6,153,90,2682.5356576211184,860.7677454338051,1.6690604520025107,0.0,false,Gurobi.Optimizer
VLP Ludwigslust,2024-08-22,Maximize_Demand_Coverage,CAPACITY_CONSTRAINT_DRIVER_BREAKS,ONLY_DEMAND,0.65,Optimal,1.4733428955078125,7,153,90,2993.9820176043777,938.4910875469689,1.5866087574821808,0.0,false,Gurobi.Optimizer
VLP Ludwigslust,2024-08-22,Maximize_Demand_Coverage,CAPACITY_CONSTRAINT_DRIVER_BREAKS,ONLY_DEMAND,0.7,Optimal,1.5782530307769775,7,153,90,3158.719114822796,943.3681080928268,1.4859480608171134,0.0,false,Gurobi.Optimizer
VLP Ludwigslust,2024-08-22,Maximize_Demand_Coverage,CAPACITY_CONSTRAINT_DRIVER_BREAKS,ONLY_DEMAND,0.75,Optimal,4.350899934768677,9,153,90,3612.7379157542273,1315.1533134983897,1.4631927755671685,0.0,false,Gurobi.Optimizer
VLP Ludwigslust,2024-08-22,Maximize_Demand_Coverage,CAPACITY_CONSTRAINT_DRIVER_BREAKS,ONLY_DEMAND,0.8,Optimal,4.4836859703063965,10,153,90,3962.6356262320205,1142.6366807473028,1.4116822932209074,0.0,false,Gurobi.Optimizer
VLP Ludwigslust,2024-08-22,Maximize_Demand_Coverage,CAPACITY_CONSTRAINT_DRIVER_BREAKS,ONLY_DEMAND,0.85,Optimal,2.8937909603118896,11,153,90,4442.160051638843,1491.349888148035,1.3426518205701996,0.0,false,Gurobi.Optimizer
VLP Ludwigslust,2024-08-22,Maximize_Demand_Coverage,CAPACITY_CONSTRAINT_DRIVER_BREAKS,ONLY_DEMAND,0.9,Optimal,5.5400731563568115,13,153,90,5216.101169500127,1845.3012804598134,1.3762011334704942,0.0,false,Gurobi.Optimizer
VLP Ludwigslust,2024-08-22,Maximize_Demand_Coverage,CAPACITY_CONSTRAINT_DRIVER_BREAKS,ONLY_DEMAND,0.95,Optimal,2.1847190856933594,15,153,90,5904.457203602783,2115.765903736708,1.4077248803810172,0.0,false,Gurobi.Optimizer
VLP Ludwigslust,2024-08-22,Maximize_Demand_Coverage,CAPACITY_CONSTRAINT_DRIVER_BREAKS,ONLY_DEMAND,1.0,Optimal,3.382305860519409,18,153,90,6477.283863364008,2381.3306228502697,1.3503926123790453,0.0,false,Gurobi.Optimizer
VLP Ludwigslust,2024-08-22,Maximize_Demand_Coverage,CAPACITY_CONSTRAINT_DRIVER_BREAKS_AVAILABLE,ONLY_DEMAND,0.05,Optimal,0.10003805160522461,1,20,90,272.42731575633803,62.97491763441076,1.4,0.0,false,Gurobi.Optimizer
VLP Ludwigslust,2024-08-22,Maximize_Demand_Coverage,CAPACITY_CONSTRAINT_DRIVER_BREAKS_AVAILABLE,ONLY_DEMAND,0.1,Optimal,0.0867009162902832,1,20,90,452.34581960438743,130.9467704965216,1.6174863387978142,0.0,false,Gurobi.Optimizer
VLP Ludwigslust,2024-08-22,Maximize_Demand_Coverage,CAPACITY_CONSTRAINT_DRIVER_BREAKS_AVAILABLE,ONLY_DEMAND,0.15,Optimal,0.07746696472167969,1,20,90,462.5330107981118,135.76119932716125,1.5136612021857923,0.0,false,Gurobi.Optimizer
VLP Ludwigslust,2024-08-22,Maximize_Demand_Coverage,CAPACITY_CONSTRAINT_DRIVER_BREAKS_AVAILABLE,ONLY_DEMAND,0.2,Optimal,0.07565903663635254,2,20,90,839.1394023413236,261.19015021939293,1.8773524720893142,0.0,false,Gurobi.Optimizer
VLP Ludwigslust,2024-08-22,Maximize_Demand_Coverage,CAPACITY_CONSTRAINT_DRIVER_BREAKS_AVAILABLE,ONLY_DEMAND,0.25,Optimal,0.0715169906616211,2,20,90,839.1394023413236,261.19015021939293,1.8773524720893142,0.0,false,Gurobi.Optimizer
VLP Ludwigslust,2024-08-22,Maximize_Demand_Coverage,CAPACITY_CONSTRAINT_DRIVER_BREAKS_AVAILABLE,ONLY_DEMAND,0.3,Optimal,0.06888794898986816,3,20,90,1206.7919528673751,449.805656714706,1.9182349813928763,0.0,false,Gurobi.Optimizer
VLP Ludwigslust,2024-08-22,Maximize_Demand_Coverage,CAPACITY_CONSTRAINT_DRIVER_BREAKS_AVAILABLE,ONLY_DEMAND,0.35,Optimal,0.07163190841674805,3,20,90,1110.3082618714343,346.257636550922,1.8339437936534126,0.0,false,Gurobi.Optimizer
VLP Ludwigslust,2024-08-22,Maximize_Demand_Coverage,CAPACITY_CONSTRAINT_DRIVER_BREAKS_AVAILABLE,ONLY_DEMAND,0.4,Optimal,0.1030569076538086,3,20,90,1299.1672296605498,468.4847314810366,1.9578620210199158,0.0,false,Gurobi.Optimizer
VLP Ludwigslust,2024-08-22,Maximize_Demand_Coverage,CAPACITY_CONSTRAINT_DRIVER_BREAKS_AVAILABLE,ONLY_DEMAND,0.45,Optimal,0.07814216613769531,4,20,90,1728.002236838743,597.4700470100847,1.7442451380772919,0.0,false,Gurobi.Optimizer
VLP Ludwigslust,2024-08-22,Maximize_Demand_Coverage,CAPACITY_CONSTRAINT_DRIVER_BREAKS_AVAILABLE,ONLY_DEMAND,0.5,Optimal,0.08039498329162598,5,20,90,2063.5460686012457,709.0337291136349,1.75057658942941,0.0,false,Gurobi.Optimizer
VLP Ludwigslust,2024-08-22,Maximize_Demand_Coverage,CAPACITY_CONSTRAINT_DRIVER_BREAKS_AVAILABLE,ONLY_DEMAND,0.55,Optimal,0.10071802139282227,5,20,90,2168.546068601246,681.5832160606279,1.7384217695822044,0.0,false,Gurobi.Optimizer
VLP Ludwigslust,2024-08-22,Maximize_Demand_Coverage,CAPACITY_CONSTRAINT_DRIVER_BREAKS_AVAILABLE,ONLY_DEMAND,0.6,Optimal,0.23068499565124512,6,20,90,2565.352812531737,796.9456547744745,1.584839646077172,0.0,false,Gurobi.Optimizer
VLP Ludwigslust,2024-08-22,Maximize_Demand_Coverage,CAPACITY_CONSTRAINT_DRIVER_BREAKS_AVAILABLE,ONLY_DEMAND,0.65,Optimal,0.15974712371826172,7,20,90,3021.412971425539,1007.7249035059261,1.5534031189718156,0.0,false,Gurobi.Optimizer
VLP Ludwigslust,2024-08-22,Maximize_Demand_Coverage,CAPACITY_CONSTRAINT_DRIVER_BREAKS_AVAILABLE,ONLY_DEMAND,0.7,INFEASIBLE_OR_UNBOUNDED,0.07656002044677734,0,20,90,0.0,0.0,0.0,,false,Gurobi.Optimizer
VLP Ludwigslust,2024-08-22,Maximize_Demand_Coverage,CAPACITY_CONSTRAINT_DRIVER_BREAKS_AVAILABLE,ONLY_DEMAND,0.75,INFEASIBLE_OR_UNBOUNDED,0.06311202049255371,0,20,90,0.0,0.0,0.0,,false,Gurobi.Optimizer
VLP Ludwigslust,2024-08-22,Maximize_Demand_Coverage,CAPACITY_CONSTRAINT_DRIVER_BREAKS_AVAILABLE,ONLY_DEMAND,0.8,INFEASIBLE_OR_UNBOUNDED,0.060923099517822266,0,20,90,0.0,0.0,0.0,,false,Gurobi.Optimizer
VLP Ludwigslust,2024-08-22,Maximize_Demand_Coverage,CAPACITY_CONSTRAINT_DRIVER_BREAKS_AVAILABLE,ONLY_DEMAND,0.85,INFEASIBLE_OR_UNBOUNDED,0.05991005897521973,0,20,90,0.0,0.0,0.0,,false,Gurobi.Optimizer
VLP Ludwigslust,2024-08-22,Maximize_Demand_Coverage,CAPACITY_CONSTRAINT_DRIVER_BREAKS_AVAILABLE,ONLY_DEMAND,0.9,INFEASIBLE_OR_UNBOUNDED,0.05926990509033203,0,20,90,0.0,0.0,0.0,,false,Gurobi.Optimizer
VLP Ludwigslust,2024-08-22,Maximize_Demand_Coverage,CAPACITY_CONSTRAINT_DRIVER_BREAKS_AVAILABLE,ONLY_DEMAND,0.95,INFEASIBLE_OR_UNBOUNDED,0.05040693283081055,0,20,90,0.0,0.0,0.0,,false,Gurobi.Optimizer
VLP Ludwigslust,2024-08-22,Maximize_Demand_Coverage,CAPACITY_CONSTRAINT_DRIVER_BREAKS_AVAILABLE,ONLY_DEMAND,1.0,INFEASIBLE_OR_UNBOUNDED,0.014520883560180664,0,20,90,0.0,0.0,0.0,,false,Gurobi.Optimizer
VLP Sternberg,2024-08-22,Maximize_Demand_Coverage,CAPACITY_CONSTRAINT_DRIVER_BREAKS,ONLY_DEMAND,0.05,Optimal,1.991067886352539,1,153,75,198.4314954919098,40.41813102484298,4.877358490566038,0.0,false,Gurobi.Optimizer
VLP Sternberg,2024-08-22,Maximize_Demand_Coverage,CAPACITY_CONSTRAINT_DRIVER_BREAKS,ONLY_DEMAND,0.1,Optimal,1.1435520648956299,1,153,75,198.4314954919098,40.41813102484298,4.877358490566038,0.0,false,Gurobi.Optimizer
VLP Sternberg,2024-08-22,Maximize_Demand_Coverage,CAPACITY_CONSTRAINT_DRIVER_BREAKS,ONLY_DEMAND,0.15,Optimal,0.9314498901367188,1,153,75,454.7454755414841,146.73252730488684,6.15485564304462,0.0,false,Gurobi.Optimizer
VLP Sternberg,2024-08-22,Maximize_Demand_Coverage,CAPACITY_CONSTRAINT_DRIVER_BREAKS,ONLY_DEMAND,0.2,Optimal,0.9107458591461182,1,153,75,454.7454755414841,153.24494042655988,6.265415549597855,0.0,false,Gurobi.Optimizer
VLP Sternberg,2024-08-22,Maximize_Demand_Coverage,CAPACITY_CONSTRAINT_DRIVER_BREAKS,ONLY_DEMAND,0.25,Optimal,0.7147541046142578,1,153,75,456.4314954919099,146.73252730488684,5.918032786885246,0.0,false,Gurobi.Optimizer
VLP Sternberg,2024-08-22,Maximize_Demand_Coverage,CAPACITY_CONSTRAINT_DRIVER_BREAKS,ONLY_DEMAND,0.3,Optimal,0.6894259452819824,1,153,75,454.7454755414841,146.73252730488684,6.15485564304462,0.0,false,Gurobi.Optimizer
VLP Sternberg,2024-08-22,Maximize_Demand_Coverage,CAPACITY_CONSTRAINT_DRIVER_BREAKS,ONLY_DEMAND,0.35,Optimal,0.6945130825042725,2,153,75,919.582592735833,340.67228398792724,5.336526433603265,0.0,false,Gurobi.Optimizer
VLP Sternberg,2024-08-22,Maximize_Demand_Coverage,CAPACITY_CONSTRAINT_DRIVER_BREAKS,ONLY_DEMAND,0.4,Optimal,0.5933079719543457,2,153,75,917.8965727854072,341.87305777049727,5.5092460033404915,0.0,false,Gurobi.Optimizer
VLP Sternberg,2024-08-22,Maximize_Demand_Coverage,CAPACITY_CONSTRAINT_DRIVER_BREAKS,ONLY_DEMAND,0.45,Optimal,0.6187539100646973,2,153,75,862.6209803107538,330.273550866906,5.658523782605185,0.0,false,Gurobi.Optimizer
VLP Sternberg,2024-08-22,Maximize_Demand_Coverage,CAPACITY_CONSTRAINT_DRIVER_BREAKS,ONLY_DEMAND,0.5,Optimal,0.630781888961792,2,153,75,917.8965727854072,341.87305777049727,5.5092460033404915,0.0,false,Gurobi.Optimizer
VLP Sternberg,2024-08-22,Maximize_Demand_Coverage,CAPACITY_CONSTRAINT_DRIVER_BREAKS,ONLY_DEMAND,0.55,Optimal,0.7954580783843994,3,153,75,1130.6488611725895,411.7223682595939,5.5905422261354465,0.0,false,Gurobi.Optimizer
VLP Sternberg,2024-08-22,Maximize_Demand_Coverage,CAPACITY_CONSTRAINT_DRIVER_BREAKS,ONLY_DEMAND,0.6,Optimal,1.0467438697814941,3,153,75,1353.988826518063,569.257133669229,4.416266623481282,0.0,false,Gurobi.Optimizer
VLP Sternberg,2024-08-22,Maximize_Demand_Coverage,CAPACITY_CONSTRAINT_DRIVER_BREAKS,ONLY_DEMAND,0.65,Optimal,0.947268009185791,4,153,75,1806.820251925159,792.3439440463161,4.19051676864816,0.0,false,Gurobi.Optimizer
VLP Sternberg,2024-08-22,Maximize_Demand_Coverage,CAPACITY_CONSTRAINT_DRIVER_BREAKS,ONLY_DEMAND,0.7,Optimal,1.0335330963134766,4,153,75,1692.775934931823,621.4592449633293,3.987604600166013,0.0,false,Gurobi.Optimizer
VLP Sternberg,2024-08-22,Maximize_Demand_Coverage,CAPACITY_CONSTRAINT_DRIVER_BREAKS,ONLY_DEMAND,0.75,Optimal,1.203644037246704,5,153,75,2091.0444559859443,804.8999389758485,4.089034640533138,0.0,false,Gurobi.Optimizer
VLP Sternberg,2024-08-22,Maximize_Demand_Coverage,CAPACITY_CONSTRAINT_DRIVER_BREAKS,ONLY_DEMAND,0.8,Optimal,1.2731590270996094,5,153,75,2084.4851994734677,740.8855642794779,3.4266791712745395,0.0,false,Gurobi.Optimizer
VLP Sternberg,2024-08-22,Maximize_Demand_Coverage,CAPACITY_CONSTRAINT_DRIVER_BREAKS,ONLY_DEMAND,0.85,Optimal,1.5860650539398193,6,153,75,2411.8603558421382,941.7005657665743,3.344109723858939,0.0,false,Gurobi.Optimizer
VLP Sternberg,2024-08-22,Maximize_Demand_Coverage,CAPACITY_CONSTRAINT_DRIVER_BREAKS,ONLY_DEMAND,0.9,Optimal,2.015655040740967,7,153,75,2830.9175328283864,1168.5059691276979,3.1830518878895524,0.0,false,Gurobi.Optimizer
VLP Sternberg,2024-08-22,Maximize_Demand_Coverage,CAPACITY_CONSTRAINT_DRIVER_BREAKS,ONLY_DEMAND,0.95,Optimal,2.4798009395599365,8,153,75,3237.6501486071675,1321.302372027888,2.956413591958011,0.0,false,Gurobi.Optimizer
VLP Sternberg,2024-08-22,Maximize_Demand_Coverage,CAPACITY_CONSTRAINT_DRIVER_BREAKS,ONLY_DEMAND,1.0,Optimal,1.9044339656829834,10,153,75,3639.264028176465,1378.0222288767372,2.9508481327262515,0.0,false,Gurobi.Optimizer
VLP Sternberg,2024-08-22,Maximize_Demand_Coverage,CAPACITY_CONSTRAINT_DRIVER_BREAKS_AVAILABLE,ONLY_DEMAND,0.05,Optimal,0.03834700584411621,1,12,75,274.7454755414841,149.08844256402153,4.654411764705882,0.0,false,Gurobi.Optimizer
VLP Sternberg,2024-08-22,Maximize_Demand_Coverage,CAPACITY_CONSTRAINT_DRIVER_BREAKS_AVAILABLE,ONLY_DEMAND,0.1,Optimal,0.03836703300476074,1,12,75,265.06626843675656,35.64798958357903,2.4615384615384617,0.0,false,Gurobi.Optimizer
VLP Sternberg,2024-08-22,Maximize_Demand_Coverage,CAPACITY_CONSTRAINT_DRIVER_BREAKS_AVAILABLE,ONLY_DEMAND,0.15,Optimal,0.03576517105102539,1,12,75,396.4314954919099,81.58430086239775,2.710059171597633,0.0,false,Gurobi.Optimizer
VLP Sternberg,2024-08-22,Maximize_Demand_Coverage,CAPACITY_CONSTRAINT_DRIVER_BREAKS_AVAILABLE,ONLY_DEMAND,0.2,Optimal,0.03719305992126465,1,12,75,469.06626843675656,135.0684654878902,3.8867313915857604,0.0,false,Gurobi.Optimizer
VLP Sternberg,2024-08-22,Maximize_Demand_Coverage,CAPACITY_CONSTRAINT_DRIVER_BREAKS_AVAILABLE,ONLY_DEMAND,0.25,Optimal,0.03975200653076172,2,12,75,799.1047476438148,288.8411163040069,3.8929834905660377,0.0,false,Gurobi.Optimizer
VLP Sternberg,2024-08-22,Maximize_Demand_Coverage,CAPACITY_CONSTRAINT_DRIVER_BREAKS_AVAILABLE,ONLY_DEMAND,0.3,Optimal,0.04033088684082031,2,12,75,831.3628639772844,299.8411163040069,4.124451513821851,0.0,false,Gurobi.Optimizer
VLP Sternberg,2024-08-22,Maximize_Demand_Coverage,CAPACITY_CONSTRAINT_DRIVER_BREAKS_AVAILABLE,ONLY_DEMAND,0.35,Optimal,0.11919403076171875,3,12,75,1166.2109610653347,448.5568900774216,4.188529462382673,0.0,false,Gurobi.Optimizer
VLP Sternberg,2024-08-22,Maximize_Demand_Coverage,CAPACITY_CONSTRAINT_DRIVER_BREAKS_AVAILABLE,ONLY_DEMAND,0.4,Optimal,0.07112908363342285,3,12,75,1246.2217303745874,614.2232221274819,5.340504666760471,0.0,false,Gurobi.Optimizer
VLP Sternberg,2024-08-22,Maximize_Demand_Coverage,CAPACITY_CONSTRAINT_DRIVER_BREAKS_AVAILABLE,ONLY_DEMAND,0.45,Optimal,0.10814285278320312,3,12,75,1325.7690977595144,510.6830817793909,4.596607368059005,0.0,false,Gurobi.Optimizer
VLP Sternberg,2024-08-22,Maximize_Demand_Coverage,CAPACITY_CONSTRAINT_DRIVER_BREAKS_AVAILABLE,ONLY_DEMAND,0.5,INFEASIBLE_OR_UNBOUNDED,0.07521200180053711,0,12,75,0.0,0.0,0.0,,false,Gurobi.Optimizer
VLP Sternberg,2024-08-22,Maximize_Demand_Coverage,CAPACITY_CONSTRAINT_DRIVER_BREAKS_AVAILABLE,ONLY_DEMAND,0.55,INFEASIBLE_OR_UNBOUNDED,0.09089803695678711,0,12,75,0.0,0.0,0.0,,false,Gurobi.Optimizer
VLP Sternberg,2024-08-22,Maximize_Demand_Coverage,CAPACITY_CONSTRAINT_DRIVER_BREAKS_AVAILABLE,ONLY_DEMAND,0.6,INFEASIBLE_OR_UNBOUNDED,0.03495287895202637,0,12,75,0.0,0.0,0.0,,false,Gurobi.Optimizer
VLP Sternberg,2024-08-22,Maximize_Demand_Coverage,CAPACITY_CONSTRAINT_DRIVER_BREAKS_AVAILABLE,ONLY_DEMAND,0.65,INFEASIBLE_OR_UNBOUNDED,0.03588700294494629,0,12,75,0.0,0.0,0.0,,false,Gurobi.Optimizer
VLP Sternberg,2024-08-22,Maximize_Demand_Coverage,CAPACITY_CONSTRAINT_DRIVER_BREAKS_AVAILABLE,ONLY_DEMAND,0.7,INFEASIBLE_OR_UNBOUNDED,0.03412890434265137,0,12,75,0.0,0.0,0.0,,false,Gurobi.Optimizer
VLP Sternberg,2024-08-22,Maximize_Demand_Coverage,CAPACITY_CONSTRAINT_DRIVER_BREAKS_AVAILABLE,ONLY_DEMAND,0.75,INFEASIBLE_OR_UNBOUNDED,0.03416895866394043,0,12,75,0.0,0.0,0.0,,false,Gurobi.Optimizer
VLP Sternberg,2024-08-22,Maximize_Demand_Coverage,CAPACITY_CONSTRAINT_DRIVER_BREAKS_AVAILABLE,ONLY_DEMAND,0.8,INFEASIBLE_OR_UNBOUNDED,0.03516101837158203,0,12,75,0.0,0.0,0.0,,false,Gurobi.Optimizer
VLP Sternberg,2024-08-22,Maximize_Demand_Coverage,CAPACITY_CONSTRAINT_DRIVER_BREAKS_AVAILABLE,ONLY_DEMAND,0.85,INFEASIBLE_OR_UNBOUNDED,0.035919904708862305,0,12,75,0.0,0.0,0.0,,false,Gurobi.Optimizer
VLP Sternberg,2024-08-22,Maximize_Demand_Coverage,CAPACITY_CONSTRAINT_DRIVER_BREAKS_AVAILABLE,ONLY_DEMAND,0.9,INFEASIBLE_OR_UNBOUNDED,0.03509116172790527,0,12,75,0.0,0.0,0.0,,false,Gurobi.Optimizer
VLP Sternberg,2024-08-22,Maximize_Demand_Coverage,CAPACITY_CONSTRAINT_DRIVER_BREAKS_AVAILABLE,ONLY_DEMAND,0.95,INFEASIBLE_OR_UNBOUNDED,0.027365922927856445,0,12,75,0.0,0.0,0.0,,false,Gurobi.Optimizer
VLP Sternberg,2024-08-22,Maximize_Demand_Coverage,CAPACITY_CONSTRAINT_DRIVER_BREAKS_AVAILABLE,ONLY_DEMAND,1.0,INFEASIBLE_OR_UNBOUNDED,0.004217863082885742,0,12,75,0.0,0.0,0.0,,false,Gurobi.Optimizer
